{
  "colors" : [
    {
      "color" : {
        "color-space" : "srgb",
        "components" : {
          "alpha" : "1.000",
          "blue" : "0.710",
          "green" : "0.596",
          "red" : "0.259"
        }
      },
      "idiom" : "universal"
    },
    {
      "color" : {
        "color-space" : "srgb",
        "components" : {
          "alpha" : "1.000",
          "blue" : "0.710",
          "green" : "0.596",
          "red" : "0.259"
        }
      },
      "idiom" : "iphone"
    },
    {
      "color" : {
        "color-space" : "srgb",
        "components" : {
          "alpha" : "1.000",
          "blue" : "0.710",
          "green" : "0.596",
          "red" : "0.259"
        }
      },
      "idiom" : "ipad"
    }
  ],
  "info" : {
    "author" : "xcode",
    "version" : 1
  }
}
